name,time/op (ns/op),±
Threads/512x512x1000-1-8,7.104000000000001e-06,∞
Threads/512x512x1000-2-8,5.125e-06,∞
Threads/512x512x1000-3-8,1.9375e-06,29%
Threads/512x512x1000-4-8,2.0000000000000003e-06,31%
geomean,3.4464115123737185e-06
